"Issues ID","Test ID","Best Practice ID","Date Added","Response ID","Document ID","URL Tested","Project ID","Project Name","Certainty","Priority","Line No.","Column No.","Issue Title","Issue Description","Error Snippet","Issue Signature","Viewport Location","Xpath","Standards","Reference"
"e63c1282c5cd370f326cef4b7db6b7d1",144,14,"2020-02-19T15:25:13.970Z","8c17afb011e2e120f6fa0b9a18d02463","4F59CFAF-0ABB-EF08-9810-43FA01FC","https://tenon.io/api/file.php?docID=4F59CFAF-0ABB-EF08-9810-43FA01FC&store","A145DAFE-531D-A241-EE61-12CC30EC","Still to come!",100,91,2188,60,"This content's line height is insufficent to properly display the computed element font size.","This content's line height is insufficent to properly display the computed element font size. Line height that is less than 150% of the computed element font size limits content readability for people with dyslexia, low vision, cognitive impairments or learning disabilities. Set the `line-height` for this content to a value of 1.5 or higher. Using a proportional, unitless value like 1.5 or 150% will ensure that the line-height scales if the user zooms the browser window.","<body>\n<!-- Contenedor -->\n<div id=""contenedor"">\n\n\t<!-- Cabecera -->\n\t<div id=""cabecera"">\n\t\t<div id=""logo"">\n\t\t\t<h1><span>LOGOTIPO</span></h1>\n\t\t</div>\n\n\t\t<div id=""buscador"">\n\t\t\t<f","986007baea310a3dc52ad127245edddb","{""top-left"":{""x"":0,""y"":13.4375},""bottom-right"":{""x"":1008,""y"":1456.4375},""height"":1443,""width"":1008}","/html/body","Web Content Accessibility Guidelines (WCAG) 2.0, Level AAA: 1.4.8 Visual Presentation","https://tenon.io/bestpractice.php?bpID=14&tID=144"
"a14cd84fc1858abcbd8b61a5c128cd18",85,34,"2020-02-19T15:25:13.970Z","8c17afb011e2e120f6fa0b9a18d02463","4F59CFAF-0ABB-EF08-9810-43FA01FC","https://tenon.io/api/file.php?docID=4F59CFAF-0ABB-EF08-9810-43FA01FC&store","A145DAFE-531D-A241-EE61-12CC30EC","Still to come!",100,100,9,0,"This `<form>` element has no submit mechanism.","This `form` has no submit button. This could mean there is no keyboard-accessible mechanism to submit the form or the mechanism supplied to submit the form does not have an appropriate `role` related to its purpose. Ensure there is a keyboard-accessible mechanism for submitting the form, such as a submit button.","<form action=""#"" method=""post"">\n\t\t\t\tBuscar &nbsp; <input name=""busqueda"" type=""text"">\n\t\t\t</form>","41a6fdebd61fae6fde336a11e5d6f24e","{""top-left"":{""x"":8,""y"":79.875},""bottom-right"":{""x"":1016,""y"":100.875},""height"":21,""width"":1008}","/html/body/div[1]/div[1]/div[2]/form[1]","Web Content Accessibility Guidelines (WCAG) 2.0, Level A: 3.2.1 On Focus","https://tenon.io/bestpractice.php?bpID=34&tID=85"
"274d4f7d974ea5e19245b0a5c2d2c5d7",38,49,"2020-02-19T15:25:13.970Z","8c17afb011e2e120f6fa0b9a18d02463","4F59CFAF-0ABB-EF08-9810-43FA01FC","https://tenon.io/api/file.php?docID=4F59CFAF-0ABB-EF08-9810-43FA01FC&store","A145DAFE-531D-A241-EE61-12CC30EC","Still to come!",100,100,9,215,"This form field has no label.","All form controls must have a label. Without an accessible label, screenreader users may not be able to determine what the field is for, and users of voice-activation software will not be able to speak the label text as a shortcut to focus the field. Ensure that all form controls are appropriately labelled.","<input name=""busqueda"" type=""text"">","9f546545cc2ed7bea951d967bcf87197","{""top-left"":{""x"":64,""y"":79.875},""bottom-right"":{""x"":233,""y"":94.875},""height"":15,""width"":169}","/html/body/div[1]/div[1]/div[2]/form[1]/input[1]","Web Content Accessibility Guidelines (WCAG) 2.0, Level A: 1.1.1 Non-text Content,Web Content Accessibility Guidelines (WCAG) 2.0, Level A: 1.3.1 Info and Relationships,Web Content Accessibility Guidelines (WCAG) 2.0, Level A: 3.3.2 Labels or Instructions,Web Content Accessibility Guidelines (WCAG) 2.0, Level A: 4.1.2 Name, Role, Value","https://tenon.io/bestpractice.php?bpID=49&tID=38"
"b7e971dd82b0ee85ede7de7906ab2b50",161,109,"2020-02-19T15:25:13.970Z","8c17afb011e2e120f6fa0b9a18d02463","4F59CFAF-0ABB-EF08-9810-43FA01FC","https://tenon.io/api/file.php?docID=4F59CFAF-0ABB-EF08-9810-43FA01FC&store","A145DAFE-531D-A241-EE61-12CC30EC","Still to come!",60,100,2188,60,"There are no means to skip past repetitive content such as navigation links.","No means to skip past repetitive content such as navigation links was found. Without a way to easily bypass large sections of repetitive content (page navigation, sidebars, etc.), navigating using text-to-speech software is tedious and time-consuming.  A skip link placed high up in the document source order will allow users to bypass repetitive content and jump to the page's main content area.","<body>\n<!-- Contenedor -->\n<div id=""contenedor"">\n\n\t<!-- Cabecera -->\n\t<div id=""cabecera"">\n\t\t<div id=""logo"">\n\t\t\t<h1><span>LOGOTIPO</span></h1>\n\t\t</div>\n\n\t\t<div id=""buscador"">\n\t\t\t<f","9c2a1dca7197329522a12a330b4092d8","{""top-left"":{""x"":0,""y"":13.4375},""bottom-right"":{""x"":1008,""y"":1456.4375},""height"":1443,""width"":1008}","/html/body","Web Content Accessibility Guidelines (WCAG) 2.0, Level A: 2.4.1 Bypass Blocks","https://tenon.io/bestpractice.php?bpID=109&tID=161"
"3ef211a93331c9d43fb6be1850e2f53e",31,113,"2020-02-19T15:25:13.970Z","8c17afb011e2e120f6fa0b9a18d02463","4F59CFAF-0ABB-EF08-9810-43FA01FC","https://tenon.io/api/file.php?docID=4F59CFAF-0ABB-EF08-9810-43FA01FC&store","A145DAFE-531D-A241-EE61-12CC30EC","Still to come!",100,100,8,0,"This link uses an invalid hypertext reference.","This link's `href` attribute is not properly constructed. To be accessible to assistive technology as navigation tools, a hypertext link must have a valid `href` attribute. An empty `href` attribute does not provide a valid navigation target and is inaccessible. Ensure that links have valid `href` attributes.","<a href=""#"">Lorem</a>","86682f01bf7a57212e98d46d0cd551eb","{""top-left"":{""x"":48,""y"":116.875},""bottom-right"":{""x"":90,""y"":133.875},""height"":17,""width"":42}","/html/body/div[1]/div[2]/ul[1]/li[1]/a[1]","Web Content Accessibility Guidelines (WCAG) 2.0, Level A: 4.1.2 Name, Role, Value","https://tenon.io/bestpractice.php?bpID=113&tID=31"
"c4c24337bee07faa853d0e2bf5e5edf6",31,113,"2020-02-19T15:25:13.970Z","8c17afb011e2e120f6fa0b9a18d02463","4F59CFAF-0ABB-EF08-9810-43FA01FC","https://tenon.io/api/file.php?docID=4F59CFAF-0ABB-EF08-9810-43FA01FC&store","A145DAFE-531D-A241-EE61-12CC30EC","Still to come!",100,100,8,0,"This link uses an invalid hypertext reference.","This link's `href` attribute is not properly constructed. To be accessible to assistive technology as navigation tools, a hypertext link must have a valid `href` attribute. An empty `href` attribute does not provide a valid navigation target and is inaccessible. Ensure that links have valid `href` attributes.","<a href=""#"">Ipsum</a>","d685613ca31ce10ab5832c76e732aa84","{""top-left"":{""x"":48,""y"":134.875},""bottom-right"":{""x"":87,""y"":151.875},""height"":17,""width"":39}","/html/body/div[1]/div[2]/ul[1]/li[2]/a[1]","Web Content Accessibility Guidelines (WCAG) 2.0, Level A: 4.1.2 Name, Role, Value","https://tenon.io/bestpractice.php?bpID=113&tID=31"
"c04fa1d5fe3c9c360e503dadb5d48d04",31,113,"2020-02-19T15:25:13.970Z","8c17afb011e2e120f6fa0b9a18d02463","4F59CFAF-0ABB-EF08-9810-43FA01FC","https://tenon.io/api/file.php?docID=4F59CFAF-0ABB-EF08-9810-43FA01FC&store","A145DAFE-531D-A241-EE61-12CC30EC","Still to come!",100,100,8,0,"This link uses an invalid hypertext reference.","This link's `href` attribute is not properly constructed. To be accessible to assistive technology as navigation tools, a hypertext link must have a valid `href` attribute. An empty `href` attribute does not provide a valid navigation target and is inaccessible. Ensure that links have valid `href` attributes.","<a href=""#"">Dolor</a>","2225c5817f016031aec62ae44cf8a31d","{""top-left"":{""x"":48,""y"":152.875},""bottom-right"":{""x"":85,""y"":169.875},""height"":17,""width"":37}","/html/body/div[1]/div[2]/ul[1]/li[3]/a[1]","Web Content Accessibility Guidelines (WCAG) 2.0, Level A: 4.1.2 Name, Role, Value","https://tenon.io/bestpractice.php?bpID=113&tID=31"
"0d51d4772ce6362215912f816efb348c",31,113,"2020-02-19T15:25:13.970Z","8c17afb011e2e120f6fa0b9a18d02463","4F59CFAF-0ABB-EF08-9810-43FA01FC","https://tenon.io/api/file.php?docID=4F59CFAF-0ABB-EF08-9810-43FA01FC&store","A145DAFE-531D-A241-EE61-12CC30EC","Still to come!",100,100,8,0,"This link uses an invalid hypertext reference.","This link's `href` attribute is not properly constructed. To be accessible to assistive technology as navigation tools, a hypertext link must have a valid `href` attribute. An empty `href` attribute does not provide a valid navigation target and is inaccessible. Ensure that links have valid `href` attributes.","<a href=""#"">Sit</a>","5b151ef71faaff8be3bb27ed4c688957","{""top-left"":{""x"":48,""y"":170.875},""bottom-right"":{""x"":65,""y"":187.875},""height"":17,""width"":17}","/html/body/div[1]/div[2]/ul[1]/li[4]/a[1]","Web Content Accessibility Guidelines (WCAG) 2.0, Level A: 4.1.2 Name, Role, Value","https://tenon.io/bestpractice.php?bpID=113&tID=31"
"1dd918837557ed545014f81e42da518b",31,113,"2020-02-19T15:25:13.970Z","8c17afb011e2e120f6fa0b9a18d02463","4F59CFAF-0ABB-EF08-9810-43FA01FC","https://tenon.io/api/file.php?docID=4F59CFAF-0ABB-EF08-9810-43FA01FC&store","A145DAFE-531D-A241-EE61-12CC30EC","Still to come!",100,100,9,0,"This link uses an invalid hypertext reference.","This link's `href` attribute is not properly constructed. To be accessible to assistive technology as navigation tools, a hypertext link must have a valid `href` attribute. An empty `href` attribute does not provide a valid navigation target and is inaccessible. Ensure that links have valid `href` attributes.","<a href=""#"">Amet</a>","1fc6b6709cb4a01cc5d4178e6602aec5","{""top-left"":{""x"":48,""y"":188.875},""bottom-right"":{""x"":83,""y"":205.875},""height"":17,""width"":35}","/html/body/div[1]/div[2]/ul[1]/li[5]/a[1]","Web Content Accessibility Guidelines (WCAG) 2.0, Level A: 4.1.2 Name, Role, Value","https://tenon.io/bestpractice.php?bpID=113&tID=31"
"5fd8675e1cf3de9c9ef7a28d98ee2d7d",31,113,"2020-02-19T15:25:13.970Z","8c17afb011e2e120f6fa0b9a18d02463","4F59CFAF-0ABB-EF08-9810-43FA01FC","https://tenon.io/api/file.php?docID=4F59CFAF-0ABB-EF08-9810-43FA01FC&store","A145DAFE-531D-A241-EE61-12CC30EC","Still to come!",100,100,9,0,"This link uses an invalid hypertext reference.","This link's `href` attribute is not properly constructed. To be accessible to assistive technology as navigation tools, a hypertext link must have a valid `href` attribute. An empty `href` attribute does not provide a valid navigation target and is inaccessible. Ensure that links have valid `href` attributes.","<a href=""#"">Noticias</a>","c1201b89fed66bf05da7e191fe05c912","{""top-left"":{""x"":8,""y"":225.59375},""bottom-right"":{""x"":73,""y"":246.59375},""height"":21,""width"":65}","/html/body/div[1]/div[3]/div[1]/h3[1]/a[1]","Web Content Accessibility Guidelines (WCAG) 2.0, Level A: 4.1.2 Name, Role, Value","https://tenon.io/bestpractice.php?bpID=113&tID=31"
"7d40428a043821ebd1138480ae5d7dde",31,113,"2020-02-19T15:25:13.970Z","8c17afb011e2e120f6fa0b9a18d02463","4F59CFAF-0ABB-EF08-9810-43FA01FC","https://tenon.io/api/file.php?docID=4F59CFAF-0ABB-EF08-9810-43FA01FC&store","A145DAFE-531D-A241-EE61-12CC30EC","Still to come!",100,100,9,0,"This link uses an invalid hypertext reference.","This link's `href` attribute is not properly constructed. To be accessible to assistive technology as navigation tools, a hypertext link must have a valid `href` attribute. An empty `href` attribute does not provide a valid navigation target and is inaccessible. Ensure that links have valid `href` attributes.","<a href=""#"">Lorem ipsum dolor sit amet</a>","f9ab8219b5fc883ffd45ec794f250394","{""top-left"":{""x"":88,""y"":266.3125},""bottom-right"":{""x"":261,""y"":283.3125},""height"":17,""width"":173}","/html/body/div[1]/div[3]/div[1]/p[1]/a[1]","Web Content Accessibility Guidelines (WCAG) 2.0, Level A: 4.1.2 Name, Role, Value","https://tenon.io/bestpractice.php?bpID=113&tID=31"
"fc1f1dacf3ef2623d6d18f46299b21e3",31,113,"2020-02-19T15:25:13.970Z","8c17afb011e2e120f6fa0b9a18d02463","4F59CFAF-0ABB-EF08-9810-43FA01FC","https://tenon.io/api/file.php?docID=4F59CFAF-0ABB-EF08-9810-43FA01FC&store","A145DAFE-531D-A241-EE61-12CC30EC","Still to come!",100,100,9,0,"This link uses an invalid hypertext reference.","This link's `href` attribute is not properly constructed. To be accessible to assistive technology as navigation tools, a hypertext link must have a valid `href` attribute. An empty `href` attribute does not provide a valid navigation target and is inaccessible. Ensure that links have valid `href` attributes.","<a href=""#"">Consectetuer adipiscing elit</a>","46bde96a6ac3735a253488438755fd52","{""top-left"":{""x"":88,""y"":300.3125},""bottom-right"":{""x"":261,""y"":317.3125},""height"":17,""width"":173}","/html/body/div[1]/div[3]/div[1]/p[2]/a[1]","Web Content Accessibility Guidelines (WCAG) 2.0, Level A: 4.1.2 Name, Role, Value","https://tenon.io/bestpractice.php?bpID=113&tID=31"
"b76b09f83c4f00ea87ae30ca7ffa8648",31,113,"2020-02-19T15:25:13.970Z","8c17afb011e2e120f6fa0b9a18d02463","4F59CFAF-0ABB-EF08-9810-43FA01FC","https://tenon.io/api/file.php?docID=4F59CFAF-0ABB-EF08-9810-43FA01FC&store","A145DAFE-531D-A241-EE61-12CC30EC","Still to come!",100,100,9,0,"This link uses an invalid hypertext reference.","This link's `href` attribute is not properly constructed. To be accessible to assistive technology as navigation tools, a hypertext link must have a valid `href` attribute. An empty `href` attribute does not provide a valid navigation target and is inaccessible. Ensure that links have valid `href` attributes.","<a href=""#"">Donec molestie nunc eu sapien</a>","21d852af5907b5a8a8d08905cce74d23","{""top-left"":{""x"":88,""y"":334.3125},""bottom-right"":{""x"":284,""y"":351.3125},""height"":17,""width"":196}","/html/body/div[1]/div[3]/div[1]/p[3]/a[1]","Web Content Accessibility Guidelines (WCAG) 2.0, Level A: 4.1.2 Name, Role, Value","https://tenon.io/bestpractice.php?bpID=113&tID=31"
"08d1191cb471789f3664b3cce3faaa3e",31,113,"2020-02-19T15:25:13.970Z","8c17afb011e2e120f6fa0b9a18d02463","4F59CFAF-0ABB-EF08-9810-43FA01FC","https://tenon.io/api/file.php?docID=4F59CFAF-0ABB-EF08-9810-43FA01FC&store","A145DAFE-531D-A241-EE61-12CC30EC","Still to come!",100,100,9,0,"This link uses an invalid hypertext reference.","This link's `href` attribute is not properly constructed. To be accessible to assistive technology as navigation tools, a hypertext link must have a valid `href` attribute. An empty `href` attribute does not provide a valid navigation target and is inaccessible. Ensure that links have valid `href` attributes.","<a href=""#"">Maecenas aliquam dolor eget metus</a>","990caa613d68bc25be456603d117be0d","{""top-left"":{""x"":88,""y"":368.3125},""bottom-right"":{""x"":313,""y"":385.3125},""height"":17,""width"":225}","/html/body/div[1]/div[3]/div[1]/p[4]/a[1]","Web Content Accessibility Guidelines (WCAG) 2.0, Level A: 4.1.2 Name, Role, Value","https://tenon.io/bestpractice.php?bpID=113&tID=31"
"68e96da7f65028be52796edc5a4fb2d7",31,113,"2020-02-19T15:25:13.970Z","8c17afb011e2e120f6fa0b9a18d02463","4F59CFAF-0ABB-EF08-9810-43FA01FC","https://tenon.io/api/file.php?docID=4F59CFAF-0ABB-EF08-9810-43FA01FC&store","A145DAFE-531D-A241-EE61-12CC30EC","Still to come!",100,100,9,0,"This link uses an invalid hypertext reference.","This link's `href` attribute is not properly constructed. To be accessible to assistive technology as navigation tools, a hypertext link must have a valid `href` attribute. An empty `href` attribute does not provide a valid navigation target and is inaccessible. Ensure that links have valid `href` attributes.","<a href=""#"">Fusce tristique lorem id metus</a>","6954aef660e77e718e64d65fa012e987","{""top-left"":{""x"":88,""y"":402.3125},""bottom-right"":{""x"":276,""y"":419.3125},""height"":17,""width"":188}","/html/body/div[1]/div[3]/div[1]/p[5]/a[1]","Web Content Accessibility Guidelines (WCAG) 2.0, Level A: 4.1.2 Name, Role, Value","https://tenon.io/bestpractice.php?bpID=113&tID=31"
"21ab8e304a14c8d8bd5783b9548447c7",31,113,"2020-02-19T15:25:13.970Z","8c17afb011e2e120f6fa0b9a18d02463","4F59CFAF-0ABB-EF08-9810-43FA01FC","https://tenon.io/api/file.php?docID=4F59CFAF-0ABB-EF08-9810-43FA01FC&store","A145DAFE-531D-A241-EE61-12CC30EC","Still to come!",100,100,9,0,"This link uses an invalid hypertext reference.","This link's `href` attribute is not properly constructed. To be accessible to assistive technology as navigation tools, a hypertext link must have a valid `href` attribute. An empty `href` attribute does not provide a valid navigation target and is inaccessible. Ensure that links have valid `href` attributes.","<a href=""#"">Enlaces relacionados</a>","32bb0a954528f267e2c2f8e631bccc43","{""top-left"":{""x"":8,""y"":439.03125},""bottom-right"":{""x"":178,""y"":460.03125},""height"":21,""width"":170}","/html/body/div[1]/div[3]/div[1]/h3[2]/a[1]","Web Content Accessibility Guidelines (WCAG) 2.0, Level A: 4.1.2 Name, Role, Value","https://tenon.io/bestpractice.php?bpID=113&tID=31"
"fe31f08f2763a7e6fa306f8835587b08",31,113,"2020-02-19T15:25:13.970Z","8c17afb011e2e120f6fa0b9a18d02463","4F59CFAF-0ABB-EF08-9810-43FA01FC","https://tenon.io/api/file.php?docID=4F59CFAF-0ABB-EF08-9810-43FA01FC&store","A145DAFE-531D-A241-EE61-12CC30EC","Still to come!",100,100,9,0,"This link uses an invalid hypertext reference.","This link's `href` attribute is not properly constructed. To be accessible to assistive technology as navigation tools, a hypertext link must have a valid `href` attribute. An empty `href` attribute does not provide a valid navigation target and is inaccessible. Ensure that links have valid `href` attributes.","<a href=""#"">Proin placerat</a>","83fbabac27ac1274dd938d1be9e200b0","{""top-left"":{""x"":48,""y"":479.75},""bottom-right"":{""x"":135,""y"":496.75},""height"":17,""width"":87}","/html/body/div[1]/div[3]/div[1]/ul[1]/li[1]/a[1]","Web Content Accessibility Guidelines (WCAG) 2.0, Level A: 4.1.2 Name, Role, Value","https://tenon.io/bestpractice.php?bpID=113&tID=31"
"aeb6bd1bb09ffd6ef210e3adc5a2c643",31,113,"2020-02-19T15:25:13.970Z","8c17afb011e2e120f6fa0b9a18d02463","4F59CFAF-0ABB-EF08-9810-43FA01FC","https://tenon.io/api/file.php?docID=4F59CFAF-0ABB-EF08-9810-43FA01FC&store","A145DAFE-531D-A241-EE61-12CC30EC","Still to come!",100,100,9,0,"This link uses an invalid hypertext reference.","This link's `href` attribute is not properly constructed. To be accessible to assistive technology as navigation tools, a hypertext link must have a valid `href` attribute. An empty `href` attribute does not provide a valid navigation target and is inaccessible. Ensure that links have valid `href` attributes.","<a href=""#"">Nulla in felis</a>","4af7f7062db7106dc1f40405287db582","{""top-left"":{""x"":48,""y"":497.75},""bottom-right"":{""x"":129,""y"":514.75},""height"":17,""width"":81}","/html/body/div[1]/div[3]/div[1]/ul[1]/li[2]/a[1]","Web Content Accessibility Guidelines (WCAG) 2.0, Level A: 4.1.2 Name, Role, Value","https://tenon.io/bestpractice.php?bpID=113&tID=31"
"539f617ab6b8c3f3f868504146a5721b",31,113,"2020-02-19T15:25:13.970Z","8c17afb011e2e120f6fa0b9a18d02463","4F59CFAF-0ABB-EF08-9810-43FA01FC","https://tenon.io/api/file.php?docID=4F59CFAF-0ABB-EF08-9810-43FA01FC&store","A145DAFE-531D-A241-EE61-12CC30EC","Still to come!",100,100,19,53,"This link uses an invalid hypertext reference.","This link's `href` attribute is not properly constructed. To be accessible to assistive technology as navigation tools, a hypertext link must have a valid `href` attribute. An empty `href` attribute does not provide a valid navigation target and is inaccessible. Ensure that links have valid `href` attributes.","<a href=""#"">Nam luctus</a>","94cdc3139e63062df1d45ca145d027cc","{""top-left"":{""x"":48,""y"":515.75},""bottom-right"":{""x"":120,""y"":532.75},""height"":17,""width"":72}","/html/body/div[1]/div[3]/div[1]/ul[1]/li[3]/a[1]","Web Content Accessibility Guidelines (WCAG) 2.0, Level A: 4.1.2 Name, Role, Value","https://tenon.io/bestpractice.php?bpID=113&tID=31"
"279231d17010a8e243901898c01350ca",31,113,"2020-02-19T15:25:13.970Z","8c17afb011e2e120f6fa0b9a18d02463","4F59CFAF-0ABB-EF08-9810-43FA01FC","https://tenon.io/api/file.php?docID=4F59CFAF-0ABB-EF08-9810-43FA01FC&store","A145DAFE-531D-A241-EE61-12CC30EC","Still to come!",100,100,26,0,"This link uses an invalid hypertext reference.","This link's `href` attribute is not properly constructed. To be accessible to assistive technology as navigation tools, a hypertext link must have a valid `href` attribute. An empty `href` attribute does not provide a valid navigation target and is inaccessible. Ensure that links have valid `href` attributes.","<a href=""#"">Publicidad</a>","2331a35ebf16ef3f9774999240e6d97c","{""top-left"":{""x"":8,""y"":552.46875},""bottom-right"":{""x"":97,""y"":573.46875},""height"":21,""width"":89}","/html/body/div[1]/div[3]/div[2]/h3[1]/a[1]","Web Content Accessibility Guidelines (WCAG) 2.0, Level A: 4.1.2 Name, Role, Value","https://tenon.io/bestpractice.php?bpID=113&tID=31"
"8542f35a18f81f1749acefb015f9fdba",31,113,"2020-02-19T15:25:13.970Z","8c17afb011e2e120f6fa0b9a18d02463","4F59CFAF-0ABB-EF08-9810-43FA01FC","https://tenon.io/api/file.php?docID=4F59CFAF-0ABB-EF08-9810-43FA01FC&store","A145DAFE-531D-A241-EE61-12CC30EC","Still to come!",100,100,26,0,"This link uses an invalid hypertext reference.","This link's `href` attribute is not properly constructed. To be accessible to assistive technology as navigation tools, a hypertext link must have a valid `href` attribute. An empty `href` attribute does not provide a valid navigation target and is inaccessible. Ensure that links have valid `href` attributes.","<a href=""#"">Seguir leyendo...</a>","af030cf53a707882410510087291c7e1","{""top-left"":{""x"":8,""y"":661.1875},""bottom-right"":{""x"":115,""y"":678.1875},""height"":17,""width"":107}","/html/body/div[1]/div[3]/div[2]/p[3]/a[1]","Web Content Accessibility Guidelines (WCAG) 2.0, Level A: 4.1.2 Name, Role, Value","https://tenon.io/bestpractice.php?bpID=113&tID=31"
"857509e26fd1a97c0660cae62ec6a6e1",31,113,"2020-02-19T15:25:13.970Z","8c17afb011e2e120f6fa0b9a18d02463","4F59CFAF-0ABB-EF08-9810-43FA01FC","https://tenon.io/api/file.php?docID=4F59CFAF-0ABB-EF08-9810-43FA01FC&store","A145DAFE-531D-A241-EE61-12CC30EC","Still to come!",100,100,26,0,"This link uses an invalid hypertext reference.","This link's `href` attribute is not properly constructed. To be accessible to assistive technology as navigation tools, a hypertext link must have a valid `href` attribute. An empty `href` attribute does not provide a valid navigation target and is inaccessible. Ensure that links have valid `href` attributes.","<a href=""#"">Seguir leyendo...</a>","a214b36009df0c63f6884458c398d8e3","{""top-left"":{""x"":8,""y"":918},""bottom-right"":{""x"":115,""y"":935},""height"":17,""width"":107}","/html/body/div[1]/div[4]/div[1]/div[1]/p[4]/a[1]","Web Content Accessibility Guidelines (WCAG) 2.0, Level A: 4.1.2 Name, Role, Value","https://tenon.io/bestpractice.php?bpID=113&tID=31"
"f480be59067f8688ac40862ea5e4d019",31,113,"2020-02-19T15:25:13.970Z","8c17afb011e2e120f6fa0b9a18d02463","4F59CFAF-0ABB-EF08-9810-43FA01FC","https://tenon.io/api/file.php?docID=4F59CFAF-0ABB-EF08-9810-43FA01FC&store","A145DAFE-531D-A241-EE61-12CC30EC","Still to come!",100,100,31,475,"This link uses an invalid hypertext reference.","This link's `href` attribute is not properly constructed. To be accessible to assistive technology as navigation tools, a hypertext link must have a valid `href` attribute. An empty `href` attribute does not provide a valid navigation target and is inaccessible. Ensure that links have valid `href` attributes.","<a href=""#"">Seguir leyendo...</a>","437ce6ea77e062d2d4b20af29ab0bf0c","{""top-left"":{""x"":8,""y"":1174.8125},""bottom-right"":{""x"":115,""y"":1191.8125},""height"":17,""width"":107}","/html/body/div[1]/div[4]/div[1]/div[2]/p[4]/a[1]","Web Content Accessibility Guidelines (WCAG) 2.0, Level A: 4.1.2 Name, Role, Value","https://tenon.io/bestpractice.php?bpID=113&tID=31"
"b5e564eb79bcbe8f8146b973f43ae9e8",31,113,"2020-02-19T15:25:13.970Z","8c17afb011e2e120f6fa0b9a18d02463","4F59CFAF-0ABB-EF08-9810-43FA01FC","https://tenon.io/api/file.php?docID=4F59CFAF-0ABB-EF08-9810-43FA01FC&store","A145DAFE-531D-A241-EE61-12CC30EC","Still to come!",100,100,32,466,"This link uses an invalid hypertext reference.","This link's `href` attribute is not properly constructed. To be accessible to assistive technology as navigation tools, a hypertext link must have a valid `href` attribute. An empty `href` attribute does not provide a valid navigation target and is inaccessible. Ensure that links have valid `href` attributes.","<a href=""#"">Seguir leyendo...</a>","540f46e7c73d1ba76ed9f7032c6e070c","{""top-left"":{""x"":8,""y"":1293.625},""bottom-right"":{""x"":115,""y"":1310.625},""height"":17,""width"":107}","/html/body/div[1]/div[4]/div[2]/p[2]/a[1]","Web Content Accessibility Guidelines (WCAG) 2.0, Level A: 4.1.2 Name, Role, Value","https://tenon.io/bestpractice.php?bpID=113&tID=31"
"bc72c8fcd0833442990b50560d295023",31,113,"2020-02-19T15:25:13.970Z","8c17afb011e2e120f6fa0b9a18d02463","4F59CFAF-0ABB-EF08-9810-43FA01FC","https://tenon.io/api/file.php?docID=4F59CFAF-0ABB-EF08-9810-43FA01FC&store","A145DAFE-531D-A241-EE61-12CC30EC","Still to come!",100,100,33,0,"This link uses an invalid hypertext reference.","This link's `href` attribute is not properly constructed. To be accessible to assistive technology as navigation tools, a hypertext link must have a valid `href` attribute. An empty `href` attribute does not provide a valid navigation target and is inaccessible. Ensure that links have valid `href` attributes.","<a href=""#"">Seguir leyendo...</a>","505ddf59089289574db5d288cf8d06e0","{""top-left"":{""x"":8,""y"":1412.4375},""bottom-right"":{""x"":115,""y"":1429.4375},""height"":17,""width"":107}","/html/body/div[1]/div[4]/div[2]/p[4]/a[1]","Web Content Accessibility Guidelines (WCAG) 2.0, Level A: 4.1.2 Name, Role, Value","https://tenon.io/bestpractice.php?bpID=113&tID=31"
"be65497f59e23fd3924319c37feee7fe",31,113,"2020-02-19T15:25:13.970Z","8c17afb011e2e120f6fa0b9a18d02463","4F59CFAF-0ABB-EF08-9810-43FA01FC","https://tenon.io/api/file.php?docID=4F59CFAF-0ABB-EF08-9810-43FA01FC&store","A145DAFE-531D-A241-EE61-12CC30EC","Still to come!",100,100,33,0,"This link uses an invalid hypertext reference.","This link's `href` attribute is not properly constructed. To be accessible to assistive technology as navigation tools, a hypertext link must have a valid `href` attribute. An empty `href` attribute does not provide a valid navigation target and is inaccessible. Ensure that links have valid `href` attributes.","<a href=""#"">Nulla</a>","12963583c2933e515cd6cceb01b63579","{""top-left"":{""x"":8,""y"":1446.4375},""bottom-right"":{""x"":43,""y"":1463.4375},""height"":17,""width"":35}","/html/body/div[1]/div[6]/span[1]/a[1]","Web Content Accessibility Guidelines (WCAG) 2.0, Level A: 4.1.2 Name, Role, Value","https://tenon.io/bestpractice.php?bpID=113&tID=31"
"367ac711d0858e0f47dba1056c35c9e2",31,113,"2020-02-19T15:25:13.970Z","8c17afb011e2e120f6fa0b9a18d02463","4F59CFAF-0ABB-EF08-9810-43FA01FC","https://tenon.io/api/file.php?docID=4F59CFAF-0ABB-EF08-9810-43FA01FC&store","A145DAFE-531D-A241-EE61-12CC30EC","Still to come!",100,100,38,177,"This link uses an invalid hypertext reference.","This link's `href` attribute is not properly constructed. To be accessible to assistive technology as navigation tools, a hypertext link must have a valid `href` attribute. An empty `href` attribute does not provide a valid navigation target and is inaccessible. Ensure that links have valid `href` attributes.","<a href=""#"">Pharetra</a>","614d903283dc8b68dec9ec8f0853983a","{""top-left"":{""x"":54,""y"":1446.4375},""bottom-right"":{""x"":106,""y"":1463.4375},""height"":17,""width"":52}","/html/body/div[1]/div[6]/span[1]/a[2]","Web Content Accessibility Guidelines (WCAG) 2.0, Level A: 4.1.2 Name, Role, Value","https://tenon.io/bestpractice.php?bpID=113&tID=31"
"20e43f43098a56d0dd7586a2572713cd",31,113,"2020-02-19T15:25:13.970Z","8c17afb011e2e120f6fa0b9a18d02463","4F59CFAF-0ABB-EF08-9810-43FA01FC","https://tenon.io/api/file.php?docID=4F59CFAF-0ABB-EF08-9810-43FA01FC&store","A145DAFE-531D-A241-EE61-12CC30EC","Still to come!",100,100,43,2,"This link uses an invalid hypertext reference.","This link's `href` attribute is not properly constructed. To be accessible to assistive technology as navigation tools, a hypertext link must have a valid `href` attribute. An empty `href` attribute does not provide a valid navigation target and is inaccessible. Ensure that links have valid `href` attributes.","<a href=""#"">Luctus</a>","3d74a4ac85cc7ec551a0e574c00f626b","{""top-left"":{""x"":117,""y"":1446.4375},""bottom-right"":{""x"":160,""y"":1463.4375},""height"":17,""width"":43}","/html/body/div[1]/div[6]/span[1]/a[3]","Web Content Accessibility Guidelines (WCAG) 2.0, Level A: 4.1.2 Name, Role, Value","https://tenon.io/bestpractice.php?bpID=113&tID=31"
"9d137fe82bd425d946b5fb7b664d0daf",31,113,"2020-02-19T15:25:13.970Z","8c17afb011e2e120f6fa0b9a18d02463","4F59CFAF-0ABB-EF08-9810-43FA01FC","https://tenon.io/api/file.php?docID=4F59CFAF-0ABB-EF08-9810-43FA01FC&store","A145DAFE-531D-A241-EE61-12CC30EC","Still to come!",100,100,1182,5796,"This link uses an invalid hypertext reference.","This link's `href` attribute is not properly constructed. To be accessible to assistive technology as navigation tools, a hypertext link must have a valid `href` attribute. An empty `href` attribute does not provide a valid navigation target and is inaccessible. Ensure that links have valid `href` attributes.","<a href=""#"">Ipsum</a>","dccfd065278bfe3112137c89854106e9","{""top-left"":{""x"":171,""y"":1446.4375},""bottom-right"":{""x"":210,""y"":1463.4375},""height"":17,""width"":39}","/html/body/div[1]/div[6]/span[1]/a[4]","Web Content Accessibility Guidelines (WCAG) 2.0, Level A: 4.1.2 Name, Role, Value","https://tenon.io/bestpractice.php?bpID=113&tID=31"
"420fbf3cc752c8f99a81ad89496afd19",31,113,"2020-02-19T15:25:13.970Z","8c17afb011e2e120f6fa0b9a18d02463","4F59CFAF-0ABB-EF08-9810-43FA01FC","https://tenon.io/api/file.php?docID=4F59CFAF-0ABB-EF08-9810-43FA01FC&store","A145DAFE-531D-A241-EE61-12CC30EC","Still to come!",100,100,1187,0,"This link uses an invalid hypertext reference.","This link's `href` attribute is not properly constructed. To be accessible to assistive technology as navigation tools, a hypertext link must have a valid `href` attribute. An empty `href` attribute does not provide a valid navigation target and is inaccessible. Ensure that links have valid `href` attributes.","<a href=""#"">Proin</a>","b6ab8d3cad36e86c52213c9bf0c0961c","{""top-left"":{""x"":221,""y"":1446.4375},""bottom-right"":{""x"":255,""y"":1463.4375},""height"":17,""width"":34}","/html/body/div[1]/div[6]/span[1]/a[5]","Web Content Accessibility Guidelines (WCAG) 2.0, Level A: 4.1.2 Name, Role, Value","https://tenon.io/bestpractice.php?bpID=113&tID=31"
"704722fa605353f7729c9ee515a9865a",31,113,"2020-02-19T15:25:13.970Z","8c17afb011e2e120f6fa0b9a18d02463","4F59CFAF-0ABB-EF08-9810-43FA01FC","https://tenon.io/api/file.php?docID=4F59CFAF-0ABB-EF08-9810-43FA01FC&store","A145DAFE-531D-A241-EE61-12CC30EC","Still to come!",100,100,1187,0,"This link uses an invalid hypertext reference.","This link's `href` attribute is not properly constructed. To be accessible to assistive technology as navigation tools, a hypertext link must have a valid `href` attribute. An empty `href` attribute does not provide a valid navigation target and is inaccessible. Ensure that links have valid `href` attributes.","<a href=""#"">Placerat</a>","d218149fbf34aaac095b87c85ffd85ca","{""top-left"":{""x"":266,""y"":1446.4375},""bottom-right"":{""x"":316,""y"":1463.4375},""height"":17,""width"":50}","/html/body/div[1]/div[6]/span[1]/a[6]","Web Content Accessibility Guidelines (WCAG) 2.0, Level A: 4.1.2 Name, Role, Value","https://tenon.io/bestpractice.php?bpID=113&tID=31"
"f522b0609079e9783a22e47d8fe80de4",155,143,"2020-02-19T15:25:13.970Z","8c17afb011e2e120f6fa0b9a18d02463","4F59CFAF-0ABB-EF08-9810-43FA01FC","https://tenon.io/api/file.php?docID=4F59CFAF-0ABB-EF08-9810-43FA01FC&store","A145DAFE-531D-A241-EE61-12CC30EC","Still to come!",60,100,2188,60,"These headings are not structured in a hierarchical manner.","The heading structure of this page does not effectively communicate the structure of the content on it. Heading elements provide important benefits: they act as wayfinding cues for in-page navigation, they contribute to page content summaries, and they provide context to the content below them. To do so effectively, headings should follow the `<h1>` to `<h6>` hierarchy and they should not skip levels. Restructure the document's heading order so it uses a clear, ordered, and intuitive hierarchy. Ensure there are no gaps between each numbered heading level and the next.","<body>\n<!-- Contenedor -->\n<div id=""contenedor"">\n\n\t<!-- Cabecera -->\n\t<div id=""cabecera"">\n\t\t<div id=""logo"">\n\t\t\t<h1><span>LOGOTIPO</span></h1>\n\t\t</div>\n\n\t\t<div id=""buscador"">\n\t\t\t<f","402b9a151614d93556ab1f1a135e6fa5","{""top-left"":{""x"":0,""y"":13.4375},""bottom-right"":{""x"":1008,""y"":1456.4375},""height"":1443,""width"":1008}","/html/body","Web Content Accessibility Guidelines (WCAG) 2.0, Level A: 1.3.1 Info and Relationships,Web Content Accessibility Guidelines (WCAG) 2.0, Level AAA: 2.4.10 Section Headings","https://tenon.io/bestpractice.php?bpID=143&tID=155"
"4a090abe75e49f25dce9c8d0426ab4fe",152,211,"2020-02-19T15:25:13.970Z","8c17afb011e2e120f6fa0b9a18d02463","4F59CFAF-0ABB-EF08-9810-43FA01FC","https://tenon.io/api/file.php?docID=4F59CFAF-0ABB-EF08-9810-43FA01FC&store","A145DAFE-531D-A241-EE61-12CC30EC","Still to come!",100,88,8,0,"This actionable element is smaller than the minimum required size.","This actionable element is smaller than the stated minimum defined by all mobile platform developer guides. Minimum sizes for actionable elements ensure that those elements can be operated by people with vision, motor and cognitive disabilities. Even if this system is not explicitly intended for mobile use, it should be enlarged with CSS to meet minimu requirements and improve usability for users with vision, motor and cognitive disabilities.","<a href=""#"">Sit</a>","5d2fa6defff0d33a203a05b22a0997a5","{""top-left"":{""x"":48,""y"":170.875},""bottom-right"":{""x"":65,""y"":187.875},""height"":17,""width"":17}","/html/body/div[1]/div[2]/ul[1]/li[4]/a[1]","Web Content Accessibility Guidelines (WCAG) 2.0, Level A: 1.3.1 Info and Relationships,Web Content Accessibility Guidelines (WCAG) 2.0, Level AA: 1.4.5 Images of Text,Web Content Accessibility Guidelines (WCAG) 2.0, Level AA: 3.2.4 Consistent Identification,Web Content Accessibility Guidelines (WCAG) 2.0, Level AA: 1.4.4 Resize text,Web Content Accessibility Guidelines (WCAG) 2.0, Level AAA: 2.5.5 Target Size","https://tenon.io/bestpractice.php?bpID=211&tID=152"
"09d275bd862645ecc4dab4a4cbc8fe57",152,211,"2020-02-19T15:25:13.970Z","8c17afb011e2e120f6fa0b9a18d02463","4F59CFAF-0ABB-EF08-9810-43FA01FC","https://tenon.io/api/file.php?docID=4F59CFAF-0ABB-EF08-9810-43FA01FC&store","A145DAFE-531D-A241-EE61-12CC30EC","Still to come!",100,88,9,0,"This actionable element is smaller than the minimum required size.","This actionable element is smaller than the stated minimum defined by all mobile platform developer guides. Minimum sizes for actionable elements ensure that those elements can be operated by people with vision, motor and cognitive disabilities. Even if this system is not explicitly intended for mobile use, it should be enlarged with CSS to meet minimu requirements and improve usability for users with vision, motor and cognitive disabilities.","<a href=""#"">Amet</a>","5e444a6e56ab0873d8610f22f4ce4831","{""top-left"":{""x"":48,""y"":188.875},""bottom-right"":{""x"":83,""y"":205.875},""height"":17,""width"":35}","/html/body/div[1]/div[2]/ul[1]/li[5]/a[1]","Web Content Accessibility Guidelines (WCAG) 2.0, Level A: 1.3.1 Info and Relationships,Web Content Accessibility Guidelines (WCAG) 2.0, Level AA: 1.4.5 Images of Text,Web Content Accessibility Guidelines (WCAG) 2.0, Level AA: 3.2.4 Consistent Identification,Web Content Accessibility Guidelines (WCAG) 2.0, Level AA: 1.4.4 Resize text,Web Content Accessibility Guidelines (WCAG) 2.0, Level AAA: 2.5.5 Target Size","https://tenon.io/bestpractice.php?bpID=211&tID=152"
"b0a44edaa647d9d663e9f210c131095f",272,211,"2020-02-19T15:25:13.970Z","8c17afb011e2e120f6fa0b9a18d02463","4F59CFAF-0ABB-EF08-9810-43FA01FC","https://tenon.io/api/file.php?docID=4F59CFAF-0ABB-EF08-9810-43FA01FC&store","A145DAFE-531D-A241-EE61-12CC30EC","Still to come!",100,100,33,0,"Overlapping text found","This page contains overlapping text. Text that overlaps with other text is difficult or impossible to read for many users, especially users with low vision or cognitive disabilities. Adjust the CSS for the overlapping text so that the text no longer overlaps.","<a href=""#"">Nulla</a>","3ec40e75d3a29cf4c71c351953a78ec5","{""top-left"":{""x"":8,""y"":1446.4375},""bottom-right"":{""x"":43,""y"":1463.4375},""height"":17,""width"":35}","/html/body/div[1]/div[6]/span[1]/a[1]","Web Content Accessibility Guidelines (WCAG) 2.0, Level A: 1.3.1 Info and Relationships,Web Content Accessibility Guidelines (WCAG) 2.0, Level AA: 1.4.5 Images of Text,Web Content Accessibility Guidelines (WCAG) 2.0, Level AA: 3.2.4 Consistent Identification,Web Content Accessibility Guidelines (WCAG) 2.0, Level AA: 1.4.4 Resize text,Web Content Accessibility Guidelines (WCAG) 2.0, Level AAA: 2.5.5 Target Size","https://tenon.io/bestpractice.php?bpID=211&tID=272"